Image_ids,class
ImageID_GXD1UROG,
ImageID_U9W52JFZ,
ImageID_18ZU2YP5,
ImageID_8RBI9ZMH,
ImageID_ZYJELERW,
ImageID_UFP8XR2T,
ImageID_CE68LAH8,
ImageID_VTJN2V5N,
ImageID_2OFZMNS4,
ImageID_1AA21YGY,
ImageID_BJFJGNJD,
ImageID_3A55WYDO,
ImageID_JL1P5OYA,
ImageID_1X6WDZDZ,
ImageID_N6B6MT60,
ImageID_K0VU1BEQ,
ImageID_I9PQR0UP,
ImageID_NBKTBUF9,
ImageID_S8X2PUGO,
ImageID_PDPA726N,
ImageID_Z0K3FPCM,
ImageID_5BIPZQEH,
ImageID_TP6TNUND,
ImageID_R9GX2Q0D,
ImageID_F1RDEIER,
ImageID_DN819SG2,
ImageID_R6VSCG6I,
ImageID_UH37670C,
ImageID_OE040PRO,
ImageID_53BF35O3,
ImageID_MF8BSIRV,
ImageID_S0AQHEIF,
ImageID_55JPFAQ6,
ImageID_9UG0BKDY,
ImageID_4CJH8ISL,
ImageID_PLNBWMIF,
ImageID_NWYWY9FJ,
ImageID_0DX6F505,
ImageID_KGJ2KR7Q,
ImageID_ALUD1LT6,
ImageID_B26JDR9A,
ImageID_PFSWZKWX,
ImageID_0BCOVSUP,
ImageID_WXE1GTD4,
ImageID_6CSHHJHT,
ImageID_R5HC5Q7H,
ImageID_ZR7NG67O,
ImageID_5BPK0JB0,
ImageID_PE3RJAY9,
ImageID_9OQD9K96,
ImageID_PZ6WN9JU,
ImageID_RKLNE70L,
ImageID_K79IO5ZS,
ImageID_QS8565H6,
ImageID_7MAQZE7Z,
ImageID_E0RLNG2J,
ImageID_9NN0FB8A,
ImageID_1GY0VMSJ,
ImageID_88P7M1UM,
ImageID_UGJDSWI1,
ImageID_LWJVRYLY,
ImageID_MB8CXGLV,
ImageID_0ZGARIOB,
ImageID_DHCTE4L4,
ImageID_H08PU1ON,
ImageID_6PPAD9R8,
ImageID_06QCSAVB,
ImageID_5288JAEF,
ImageID_L7METF6S,
ImageID_WA3SARIH,
ImageID_3663B37V,
ImageID_VEHQI5FE,
ImageID_HHBCNQ2L,
ImageID_AP20C4NU,
ImageID_J4H30A3F,
ImageID_N03PJKV9,
ImageID_5S9GHUCH,
ImageID_2HG3JL1Q,
ImageID_5LXJ5GY9,
ImageID_IVNMF3RX,
ImageID_K9YV6Q4G,
ImageID_5E7Z9K7Q,
ImageID_8285FOCH,
ImageID_7P5WSK1X,
ImageID_HI3VYSXG,
ImageID_BPZ84R4N,
ImageID_GFEYQOCX,
ImageID_FPKF8ETU,
ImageID_EWSO01F3,
ImageID_4T0TD62H,
ImageID_NETUS1G7,
ImageID_6QECX3YM,
ImageID_JSMV1X6O,
ImageID_V38GOW4Z,
ImageID_RN4O9555,
ImageID_SAVOX79X,
ImageID_I486QYVG,
ImageID_MMUR8YEL,
ImageID_RGKOWBYS,
ImageID_YZF3UJHO,
ImageID_RHXT1RKM,
ImageID_CHN6GS1C,
ImageID_RRMJEL4S,
ImageID_0WVZ44YN,
ImageID_8RD9J3RL,
ImageID_301B76VK,
ImageID_E5V0IR4Z,
ImageID_GYMGR6GK,
ImageID_42QDRC7Y,
ImageID_LAVG22JJ,
ImageID_1M7LMAZV,
ImageID_U8VRTXEZ,
ImageID_USFBEY5T,
ImageID_ICAAB2LE,
ImageID_5V7B4WNK,
ImageID_162B981H,
ImageID_DQN1Y197,
ImageID_X9SROKUZ,
ImageID_YK8ZGERL,
ImageID_DTCMOLR8,
ImageID_0OITQECF,
ImageID_YYMPPS0W,
ImageID_HYB59QGW,
ImageID_2Z5A806X,
ImageID_JVAZ659Y,
ImageID_G79JKPN0,
ImageID_YDKG01BG,
ImageID_5I5B9IM4,
ImageID_WTL64CWN,
ImageID_GY6BN08V,
ImageID_BGIC1M69,
ImageID_9C2ZN3U5,
ImageID_L34315BM,
ImageID_RR4PAVXB,
ImageID_O2UMT61B,
ImageID_LHLT1DPS,
ImageID_85DA2XY8,
ImageID_356I64ZX,
ImageID_L0MCTOSI,
ImageID_5KYJBTZG,
ImageID_B787VQP3,
ImageID_ZLFJN3L0,
ImageID_WXYK527L,
ImageID_GINN18A0,
ImageID_2E74FSYT,
ImageID_QPSAMP6K,
ImageID_MT4PDPYQ,
ImageID_Z9DPRZAP,
ImageID_RD92BFPV,
ImageID_OIP6ZOIU,
ImageID_DLGQZORL,
ImageID_YY6ML8MF,
ImageID_T22I9CWN,
ImageID_P5SZHY1I,
ImageID_ABFQTTYR,
ImageID_FBGNOAPA,
ImageID_04K4UCHR,
ImageID_4TJBXF8E,
ImageID_QWR5JH03,
ImageID_7ASAVAK3,
ImageID_5Z5IU0RC,
ImageID_VL0FB5WV,
ImageID_A0R3W6U4,
ImageID_6SPEA4YG,
ImageID_3RJ6F7EP,
ImageID_TUETFE7H,
ImageID_0AJHZJC8,
ImageID_XSWQIH4B,
ImageID_KQD9F338,
ImageID_VD0SO9VT,
ImageID_U2HQIDOA,
ImageID_QPINWYXN,
ImageID_HY1YI42P,
ImageID_SYEF8NSE,
ImageID_R65Y3I91,
ImageID_AJNTRXSU,
ImageID_I56KDFRX,
ImageID_6PN8AHV2,
ImageID_FKIBE0KM,
ImageID_ULPVXDEX,
ImageID_JTXXMTDL,
ImageID_NZY1BY6I,
ImageID_Q81NNXI8,
ImageID_JHWFVTH6,
ImageID_38KQYCEI,
ImageID_J3EM2BH8,
ImageID_6ZNK7W2X,
ImageID_6S35NWM1,
ImageID_IY70ZZKF,
ImageID_HG7ROVIA,
ImageID_1JTEHSQ1,
ImageID_NJHS1NV4,
ImageID_PD53FTQS,
ImageID_4VDWLKAK,
ImageID_ZANX9SPU,
ImageID_87IOVQ4P,
ImageID_DSBSCGS4,
ImageID_4ARCT188,
ImageID_CRZWD6BG,
ImageID_G4BE4NKR,
ImageID_O2JN3ZNF,
ImageID_WNKCG88I,
ImageID_2H23LXRN,
ImageID_UDXH5IMB,
ImageID_JIM4RKCG,
ImageID_UTJOJTDR,
ImageID_T11JK1AR,
ImageID_ITC2BXPN,
ImageID_TBVQV3PO,
ImageID_BD1ZBU8Z,
ImageID_X06UVSJG,
ImageID_CVMGRWEO,
ImageID_60W22WP4,
ImageID_W60SO18R,
ImageID_DB9I0DQA,
ImageID_KBVDHXUJ,
ImageID_JKF1XBJY,
ImageID_C7NB2RU7,
ImageID_5NBKVFA6,
ImageID_4LRP541D,
ImageID_EYNHP5AW,
ImageID_QF1CDEES,
ImageID_6WTAW8I3,
ImageID_AT2JKD91,
ImageID_P1M8QRIG,
ImageID_A3DPY4TR,
ImageID_7F7DJR01,
ImageID_VVDURB4A,
ImageID_93L67R4B,
ImageID_PX6Q55JX,
ImageID_2MAQIAN0,
ImageID_1LL9WX08,
ImageID_YMZDIH1S,
ImageID_SI4N90RT,
ImageID_6HBFDBR4,
ImageID_TYLA61NE,
ImageID_C8AP1VR2,
ImageID_02LRIWPC,
ImageID_CZTV6VW9,
ImageID_ESLFTQJF,
ImageID_GA6B0VNM,
ImageID_2KR8HEUR,
ImageID_IC4A949V,
ImageID_0XK9IMGO,
ImageID_B83C8VM7,
ImageID_A8GIO6K4,
ImageID_F7G4C8GP,
ImageID_XMC5E1L4,
ImageID_CU331NJI,
ImageID_CXPGF0MG,
ImageID_OL4K8B1O,
ImageID_IFDGUL2P,
ImageID_RMC4RQ69,
ImageID_6CXDF6W6,
ImageID_V9CMJNYY,
ImageID_VIHTUENY,
ImageID_45LCBRDL,
ImageID_7KRI7GVP,
ImageID_QMYNK0HO,
ImageID_8J11BFZ0,
ImageID_STQDAASP,
ImageID_JTWB67QJ,
ImageID_AAANXVV6,
ImageID_M3M3MR1E,
ImageID_GAQIFGLA,
ImageID_TF4KJG1D,
ImageID_I69SWRNL,
ImageID_F9G5J469,
ImageID_F9VMOEU1,
ImageID_QKUUT3ZP,
ImageID_OC7TGZ2Y,
ImageID_UE5AM14R,
ImageID_ODEV52GS,
ImageID_EL8G8II0,
ImageID_KFXZYIWA,
ImageID_QA7PVRZ5,
ImageID_ZH6WELQ1,
ImageID_OCT6DHN3,
ImageID_GKVC2I63,
ImageID_QP4B92Y5,
ImageID_90ZL30QP,
ImageID_M5ZV7ZYD,
ImageID_WZSS98ZP,
ImageID_EST8R83T,
ImageID_7D7EJM8J,
ImageID_U6C2DV1I,
ImageID_EQACB86C,
ImageID_VV9HFS6P,
ImageID_AJVD7472,
ImageID_359SVVH3,
ImageID_KJSXT2RV,
ImageID_OX3H3G2F,
ImageID_WEZXI2JF,
ImageID_I6UWGCFA,
ImageID_DZVW0P0D,
ImageID_03O6QBJ2,
ImageID_AY81U45X,
ImageID_GTQHR7VI,
ImageID_IU3IKYEI,
ImageID_4J3I6WK9,
ImageID_ETN1F9GI,
ImageID_LBSKSXTP,
ImageID_348XTBE6,
ImageID_S38Q01MC,
ImageID_L1UBN04O,
ImageID_PHX93BE8,
ImageID_IC6J5GZZ,
ImageID_QH210O6C,
ImageID_XLQRSJUN,
ImageID_U1GPJUQG,
ImageID_3GZ1P2D2,
ImageID_6OQDXORC,
ImageID_O67S6K2A,
ImageID_FKNB1X1M,
ImageID_MAH3DJL1,
ImageID_E6W8OZCH,
ImageID_LXL2S7Y2,
ImageID_P3W9I3GK,
ImageID_M2X62385,
ImageID_CRLSXMF4,
ImageID_CM1F5M3X,
ImageID_JSMU39AL,
ImageID_5AV2PC0V,
ImageID_WTSB8INR,
ImageID_U0U125NW,
ImageID_HC11L0G0,
ImageID_HRV295AY,
ImageID_J4G8U3TM,
ImageID_RRXSIDEJ,
ImageID_WH2CMKQ5,
ImageID_KC011JQV,
ImageID_IKCS9Z9K,
ImageID_TBK9WLMW,
ImageID_80PTUIZP,
ImageID_NT1UEA7L,
ImageID_2N6YG58Y,
ImageID_XNWCMJAS,
ImageID_HNBZ1CL7,
ImageID_DCBIW7F7,
ImageID_BZZNGJNB,
ImageID_XDH3LNLO,
ImageID_FH0F0RSD,
ImageID_V4NBBG92,
ImageID_XAHPLG6N,
ImageID_6OJ70OFC,
ImageID_NLU1SCYY,
ImageID_PQI3F3A6,
ImageID_R354M4LT,
ImageID_3DT3WA24,
ImageID_RHHKCWED,
ImageID_N3WV9LP2,
ImageID_ZB9VL9DC,
ImageID_BNLUK1EG,
ImageID_MI7Q9LPJ,
ImageID_92T9JLGQ,
ImageID_WI9WHEZ4,
ImageID_06M9O942,
ImageID_1A6T7Q8W,
ImageID_PHV5K1SL,
ImageID_Q1PXGXCA,
ImageID_DZ4RGGHB,
ImageID_TAWH0KDT,
ImageID_41MOZDQJ,
ImageID_VANTHAK8,
ImageID_MDK3OCUZ,
ImageID_0PI1PMTM,
ImageID_VTIU5I3V,
ImageID_UPVMC3OZ,
ImageID_VNYSA9EI,
ImageID_NNPK0YPO,
ImageID_ELY8B050,
ImageID_RFRJY606,
ImageID_1K6HXTBA,
ImageID_H4VE7JZH,
ImageID_9329349C,
ImageID_BEIOF6MI,
ImageID_GT11PL7I,
ImageID_UI4UJ7L6,
ImageID_FT2VZ1XK,
ImageID_RT29RMNW,
ImageID_5P3UMT1F,
ImageID_YVH46TY6,
ImageID_K8ILG1WY,
ImageID_V0BZ1FHU,
ImageID_3UAZENYA,
ImageID_BDGIXKQI,
ImageID_BW6PYQMW,
ImageID_T0EXE7UR,
ImageID_JGDMUD1C,
ImageID_9YHHMPVZ,
ImageID_895SW8SG,
ImageID_0DV16WLW,
ImageID_4UMNTN8O,
ImageID_XPVR0UFS,
ImageID_FUECQE2W,
ImageID_T4VYRY1K,
ImageID_GJ99GE5N,
ImageID_N2B96CD8,
ImageID_48WJAR2Z,
ImageID_N1Q1PFEP,
ImageID_Y6D6CLU8,
ImageID_Y4XU7YVM,
ImageID_RY6701DZ,
ImageID_F2B3DISY,
ImageID_KXZ1KQMZ,
ImageID_5NNPDV1F,
ImageID_FNWADY5W,
ImageID_81LG3HBC,
ImageID_3JOJWTXQ,
ImageID_IBE8CV3X,
ImageID_52ZUUUXS,
ImageID_VCKRSBJY,
ImageID_1UURHEZP,
ImageID_2AB5WJO7,
ImageID_55SNJ412,
ImageID_VLOTKBHZ,
ImageID_YAPBWFJM,
ImageID_GEPF61XJ,
ImageID_ILJY0CH1,
ImageID_T1RJM6QB,
ImageID_N7L3U9DH,
ImageID_SWQR2D6K,
ImageID_MXGEVH50,
ImageID_A03LB60F,
ImageID_8QOBOBMA,
ImageID_Z2I42U48,
ImageID_VRN3XQX1,
ImageID_W9J1XKQN,
ImageID_AE0217ZB,
ImageID_WUW82LRM,
ImageID_XHZ8OW59,
ImageID_EEOF58HZ,
ImageID_BT6NS519,
ImageID_60QRJOOG,
ImageID_RZLSM4SK,
ImageID_UW87HTXQ,
ImageID_AU5N4B0N,
ImageID_Q4JECOCI,
ImageID_4VUOMBS7,
ImageID_NH1LPNFR,
ImageID_7IVHPELY,
ImageID_TPKFNUK2,
ImageID_IIZLEKTU,
ImageID_GNQLFINT,
ImageID_V1L2MAIJ,
ImageID_GFY65A2G,
ImageID_Z3OC712G,
ImageID_E6BSZBU1,
ImageID_PKO8VQ47,
ImageID_UDJJ1449,
ImageID_E8B9JR40,
ImageID_7ENBEIRA,
ImageID_4NVI6UBA,
ImageID_9BF8BVDV,
ImageID_AME5NB7G,
ImageID_DZJC4I3W,
ImageID_Q8AGGNBY,
ImageID_UZKGSLF7,
ImageID_SWIFFFEK,
ImageID_WWY7VI5C,
ImageID_8WXQCP6B,
ImageID_3JYMH98N,
ImageID_IWQZCLT1,
ImageID_6HFX0Z2X,
ImageID_GHW4C4V7,
ImageID_N2Z9PZKU,
ImageID_6BRA1YBF,
ImageID_MSE7MOIG,
ImageID_MGJ1AXDA,
ImageID_LDKSH4QA,
ImageID_GGKBZB2V,
ImageID_VOF4LMV1,
ImageID_JH5E1ZFW,
ImageID_DJY1CGGQ,
ImageID_AYFM9H1C,
ImageID_8QWD0B94,
ImageID_F2WP6C4O,
ImageID_N0EP2DK0,
ImageID_75CV9495,
ImageID_R5C8I9CU,
ImageID_GEZB0EPT,
ImageID_6ZDJX1E3,
ImageID_FBY8E71T,
ImageID_977GA5VX,
ImageID_CBRX8E5O,
ImageID_D2WCPHNU,
ImageID_AWPM20M0,
ImageID_2LWS1DFO,
ImageID_1KRBX6CF,
ImageID_KMRLA3G3,
ImageID_VV9PZOOH,
ImageID_Z5PM8RS8,
ImageID_FY5VO0ED,
ImageID_QCVSV2HO,
ImageID_OXI6M5CG,
ImageID_1GY6KMTN,
ImageID_W9S504GJ,
ImageID_OPM153MT,
ImageID_RFBRZ10Y,
ImageID_G1W9I0M7,
ImageID_SVJMM62K,
ImageID_LX590N7W,
ImageID_4QYM9D3M,
ImageID_1G8UX0MV,
ImageID_7PXFXBD3,
ImageID_YLPBFLOQ,
ImageID_L1OTTYI0,
ImageID_LLCAYL2X,
ImageID_VBEZ5YZK,
ImageID_JCJ55ASC,
ImageID_URI00MSS,
ImageID_KFWH2Q77,
ImageID_VPZ9MEC0,
ImageID_QT7I9LIT,
ImageID_2IY1K5XI,
ImageID_18KHNHR6,
